{
  "T_nc_spec": {
    "name": "T_nc",
    "operators": [
      {
        "op": "peripheral_mask",
        "p": 0.5,
        "ring_width_frac": [
          0.08,
          0.15
        ],
        "attenuation": [
          0.0,
          0.3
        ]
      },
      {
        "op": "color_jitter",
        "p": 0.5,
        "brightness": [
          0.8,
          1.2
        ],
        "contrast": [
          0.8,
          1.2
        ],
        "saturation": [
          0.8,
          1.2
        ],
        "hue": [
          -0.02,
          0.02
        ]
      },
      {
        "op": "gamma",
        "p": 0.3,
        "gamma": [
          0.85,
          1.15
        ]
      }
    ],
    "note": "Non-clinical perturbations alter acquisition cues without changing diagnostic content (paper Sec III-C)."
  },
  "T_c_spec": {
    "name": "T_c",
    "operators": [
      {
        "op": "local_contrast_patch",
        "p": 0.7,
        "num_patches": [
          1,
          3
        ],
        "patch_frac": [
          0.1,
          0.2
        ],
        "gain": [
          0.6,
          1.4
        ]
      },
      {
        "op": "spatial_dropout_patches",
        "p": 0.5,
        "num_patches": [
          1,
          4
        ],
        "patch_frac": [
          0.05,
          0.12
        ],
        "fill": "mean"
      },
      {
        "op": "elastic_deform_retina",
        "p": 0.3,
        "alpha": [
          5.0,
          20.0
        ],
        "sigma": [
          3.0,
          8.0
        ]
      }
    ],
    "note": "Clinical perturbations modify disease-relevant evidence while preserving acquisition characteristics (paper Sec III-C)."
  },
  "ccr_tuning_plan": {
    "seed_for_tuning": 0,
    "arch": "resnet18",
    "regime": "ccr_tune",
    "grid": {
      "lambda_ccr": [
        0.05,
        0.1,
        0.2
      ],
      "lambda_p": [
        0.5,
        1.0
      ],
      "lambda_c": [
        1.0
      ],
      "margin_m": [
        0.5,
        1.0
      ]
    },
    "selection_rule": "minimize val supervised loss (BCE) with early stopping; log all candidates; freeze winner",
    "created_utc": "2025-12-22T06:09:55Z"
  }
}