{
  "random_state": 42,
  "ratios": {
    "train": 0.7,
    "val": 0.1,
    "test": 0.2
  },
  "counts": {
    "train": 2563,
    "val": 366,
    "test": 733
  },
  "indices": {
    "train": [
      796,
      2731,
      3024,
      1086,
      2737,
      414,
      2227,
      2849,
      3253,
      2939,
      2707,
      1827,
      1792,
      1323,
      1411,
      2472,
      2352,
      3220,
      1377,
      1449,
      3598,
      1333,
      792,
      1297,
      2029,
      3249,
      2800,
      221,
      627,
      2273,
      212,
      1902,
      2062,
      1239,
      1677,
      772,
      169,
      3650,
      626,
      2235,
      474,
      1833,
      144,
      1927,
      1074,
      2178,
      944,
      869,
      1570,
      2868,
      58,
      225,
      1786,
      3129,
      2829,
      1103,
      296,
      2783,
      3317,
      388,
      3183,
      1179,
      881,
      3132,
      2136,
      1616,
      3089,
      3028,
      2399,
      3478,
      505,
      2912,
      3517,
      2714,
      2650,
      1105,
      3298,
      3213,
      3439,
      3008,
      1717,
      2421,
      3297,
      422,
      2511,
      1718,
      3372,
      3221,
      3053,
      956,
      143,
      3454,
      589,
      704,
      404,
      3554,
      2033,
      1392,
      171,
      1194,
      2302,
      1218,
      2648,
      747,
      1442,
      1199,
      2497,
      1778,
      839,
      454,
      2390,
      767,
      1917,
      17,
      3162,
      3361,
      2233,
      2620,
      2760,
      1034,
      788,
      2481,
      3229,
      918,
      1647,
      175,
      1292,
      1039,
      3047,
      2719,
      1157,
      3635,
      2955,
      1472,
      100,
      590,
      2417,
      2560,
      1862,
      257,
      236,
      1087,
      1453,
      696,
      3243,
      294,
      1359,
      462,
      2287,
      2991,
      1996,
      2496,
      1299,
      2629,
      2670,
      3539,
      2450,
      3166,
      1644,
      349,
      559,
      1756,
      623,
      2997,
      662,
      2160,
      1182,
      855,
      1246,
      285,
      2830,
      347,
      701,
      753,
      3529,
      26,
      2123,
      2146,
      383,
      218,
      149,
      639,
      1227,
      1413,
      1459,
      2012,
      1391,
      2392,
      610,
      2070,
      3175,
      3495,
      675,
      2998,
      418,
      398,
      1362,
      204,
      2443,
      1259,
      3572,
      1443,
      3131,
      2142,
      3305,
      2698,
      3520,
      1740,
      2120,
      1840,
      2846,
      2799,
      946,
      2676,
      813,
      3484,
      1865,
      517,
      3327,
      1324,
      2039,
      819,
      1594,
      2100,
      3018,
      2272,
      977,
      909,
      3608,
      1629,
      809,
      1771,
      1260,
      773,
      2407,
      3583,
      1652,
      2673,
      387,
      2528,
      3348,
      2685,
      746,
      1983,
      2581,
      3119,
      504,
      3203,
      3082,
      1921,
      141,
      1071,
      92,
      544,
      3363,
      1240,
      2095,
      1867,
      1488,
      2348,
      1571,
      641,
      103,
      1753,
      2520,
      680,
      3501,
      331,
      251,
      358,
      1528,
      1485,
      3645,
      1151,
      3422,
      1925,
      2996,
      2180,
      1141,
      1343,
      1779,
      3185,
      3072,
      3592,
      1963,
      1219,
      1114,
      1974,
      1327,
      841,
      167,
      925,
      1491,
      2942,
      3626,
      2777,
      1140,
      3050,
      937,
      1518,
      134,
      412,
      838,
      1601,
      2220,
      2715,
      1560,
      137,
      1794,
      489,
      1746,
      667,
      2768,
      686,
      3113,
      332,
      520,
      2439,
      1318,
      547,
      2159,
      2409,
      1478,
      3444,
      2730,
      1513,
      2765,
      265,
      136,
      2187,
      2056,
      1269,
      1049,
      1713,
      1747,
      2330,
      1932,
      1939,
      2199,
      276,
      2539,
      3429,
      163,
      2514,
      210,
      1311,
      650,
      2081,
      734,
      2263,
      1934,
      3548,
      1623,
      3267,
      2446,
      2343,
      3504,
      363,
      2944,
      278,
      2428,
      1721,
      7,
      2990,
      1745,
      1129,
      123,
      3493,
      1981,
      1899,
      921,
      2693,
      2599,
      1530,
      3528,
      122,
      3078,
      3032,
      1572,
      2435,
      1764,
      1773,
      2614,
      3540,
      2690,
      1808,
      1038,
      1547,
      2156,
      3457,
      978,
      945,
      1130,
      901,
      1469,
      3059,
      891,
      3179,
      1107,
      2945,
      2327,
      1403,
      1150,
      1423,
      1501,
      958,
      2565,
      3595,
      2002,
      591,
      1723,
      3071,
      206,
      2598,
      3210,
      2464,
      597,
      2722,
      306,
      737,
      2834,
      3044,
      2635,
      246,
      325,
      3505,
      1490,
      375,
      3339,
      3643,
      2096,
      1228,
      3473,
      3507,
      2293,
      3527,
      1145,
      2591,
      1314,
      1566,
      207,
      837,
      435,
      3218,
      3350,
      2308,
      1168,
      2507,
      3204,
      2755,
      2075,
      2258,
      1525,
      935,
      34,
      1870,
      239,
      2201,
      2115,
      3490,
      1625,
      3150,
      975,
      371,
      2222,
      2572,
      2805,
      2780,
      808,
      2054,
      3633,
      850,
      3198,
      1581,
      1203,
      491,
      2035,
      1065,
      2290,
      2726,
      3200,
      2684,
      3445,
      2491,
      1385,
      1947,
      1823,
      1982,
      803,
      111,
      1153,
      1809,
      1812,
      1328,
      991,
      1868,
      1117,
      1905,
      1465,
      2239,
      2434,
      3069,
      3148,
      2869,
      1797,
      2419,
      594,
      1621,
      1191,
      2252,
      2020,
      1395,
      835,
      248,
      1264,
      3377,
      2804,
      3038,
      281,
      499,
      318,
      1754,
      1376,
      3052,
      3382,
      80,
      2048,
      778,
      576,
      2880,
      2551,
      3652,
      2537,
      3453,
      1999,
      1727,
      2274,
      1279,
      1657,
      1447,
      2326,
      2932,
      3251,
      3456,
      2851,
      3543,
      2585,
      583,
      2194,
      1033,
      3407,
      1749,
      1454,
      1701,
      840,
      3094,
      1018,
      1093,
      2153,
      512,
      3070,
      2756,
      2540,
      2413,
      3110,
      924,
      2527,
      112,
      2064,
      1122,
      3563,
      768,
      3205,
      2322,
      3472,
      1736,
      3448,
      1603,
      1329,
      2695,
      417,
      2495,
      485,
      2113,
      410,
      2168,
      2382,
      1092,
      3016,
      3322,
      1432,
      1326,
      1067,
      2641,
      3452,
      984,
      2692,
      1671,
      2837,
      1534,
      471,
      720,
      2603,
      1229,
      2709,
      1608,
      2038,
      1361,
      1291,
      3435,
      1120,
      2952,
      2617,
      1918,
      644,
      1058,
      1397,
      304,
      2167,
      681,
      1164,
      102,
      1990,
      25,
      2265,
      1386,
      3136,
      2094,
      2112,
      3510,
      1148,
      1805,
      113,
      3106,
      1979,
      2534,
      199,
      1800,
      2383,
      3404,
      3208,
      3225,
      1989,
      2339,
      3093,
      1009,
      382,
      2304,
      1618,
      2751,
      1302,
      1624,
      33,
      679,
      3574,
      2215,
      11,
      3410,
      3146,
      240,
      16,
      1748,
      203,
      1550,
      1682,
      899,
      735,
      2211,
      487,
      472,
      130,
      2772,
      176,
      2017,
      433,
      3004,
      275,
      104,
      900,
      2275,
      3582,
      843,
      1632,
      2229,
      117,
      920,
      889,
      2863,
      514,
      2917,
      338,
      3122,
      253,
      2779,
      3387,
      1363,
      1716,
      3558,
      1005,
      1073,
      825,
      3619,
      787,
      564,
      1510,
      495,
      1431,
      3256,
      3536,
      800,
      1233,
      291,
      3307,
      3357,
      2794,
      1028,
      3010,
      2259,
      2303,
      3294,
      82,
      1857,
      3189,
      949,
      373,
      1340,
      3644,
      940,
      2888,
      3272,
      2243,
      569,
      1257,
      254,
      1435,
      3556,
      2226,
      1221,
      3405,
      1189,
      1732,
      595,
      693,
      876,
      2090,
      2744,
      1835,
      2523,
      453,
      711,
      376,
      2556,
      1187,
      2781,
      2097,
      824,
      1132,
      2798,
      612,
      1303,
      1155,
      1159,
      740,
      1788,
      2442,
      1869,
      226,
      867,
      284,
      23,
      2248,
      468,
      2578,
      2282,
      2384,
      260,
      401,
      1673,
      716,
      907,
      2746,
      658,
      380,
      2119,
      2184,
      2801,
      3232,
      1561,
      2455,
      688,
      2857,
      3100,
      3086,
      2964,
      1959,
      897,
      1294,
      1807,
      1111,
      132,
      3326,
      2816,
      684,
      986,
      2182,
      1842,
      1426,
      2370,
      1874,
      3217,
      3393,
      227,
      1643,
      3320,
      477,
      1516,
      592,
      2736,
      2519,
      1077,
      2089,
      216,
      2590,
      3296,
      2554,
      3102,
      3191,
      2564,
      1583,
      777,
      1915,
      18,
      3145,
      1970,
      2118,
      19,
      930,
      2934,
      2791,
      3577,
      3240,
      580,
      846,
      2937,
      1825,
      2458,
      1861,
      3289,
      327,
      2930,
      2574,
      1445,
      2166,
      2623,
      2005,
      923,
      2547,
      912,
      2890,
      2865,
      2741,
      1072,
      1042,
      1910,
      2270,
      28,
      1952,
      1059,
      2978,
      1860,
      2624,
      1041,
      689,
      1613,
      440,
      438,
      1430,
      73,
      1339,
      1659,
      902,
      295,
      15,
      2165,
      1829,
      3022,
      3315,
      1204,
      1234,
      1500,
      150,
      2256,
      1664,
      1336,
      1420,
      697,
      1313,
      2190,
      31,
      3471,
      2037,
      2935,
      2870,
      1298,
      287,
      2246,
      2549,
      2218,
      3624,
      1274,
      2735,
      2621,
      954,
      2447,
      2283,
      3300,
      369,
      2289,
      2784,
      1894,
      2148,
      3270,
      2292,
      307,
      3494,
      3541,
      2606,
      3111,
      415,
      3233,
      3642,
      2063,
      890,
      1101,
      619,
      2929,
      1010,
      3329,
      2703,
      3368,
      381,
      3544,
      1,
      2300,
      211,
      3334,
      2892,
      570,
      1364,
      1666,
      1670,
      1593,
      3142,
      982,
      442,
      2068,
      752,
      992,
      2827,
      2288,
      2850,
      2278,
      2686,
      2183,
      2244,
      1177,
      88,
      714,
      618,
      1945,
      2297,
      2377,
      1331,
      1680,
      1417,
      3600,
      625,
      2517,
      2441,
      1310,
      270,
      2386,
      183,
      1554,
      1737,
      1262,
      738,
      2758,
      2966,
      2941,
      1913,
      1711,
      1615,
      481,
      3177,
      106,
      3048,
      147,
      1937,
      2477,
      3442,
      2040,
      2848,
      2506,
      1372,
      1832,
      3151,
      1321,
      2,
      1190,
      1725,
      1938,
      1097,
      1296,
      2214,
      1332,
      657,
      105,
      3551,
      2980,
      2704,
      2971,
      1455,
      1027,
      2907,
      96,
      2790,
      2872,
      847,
      2430,
      2916,
      1710,
      2482,
      3612,
      1658,
      1689,
      3613,
      99,
      242,
      3079,
      1373,
      2861,
      461,
      1878,
      2408,
      1824,
      2595,
      1231,
      2024,
      392,
      3468,
      63,
      1358,
      3450,
      3170,
      1933,
      359,
      2748,
      1931,
      2968,
      1312,
      1457,
      2959,
      1844,
      172,
      3084,
      1286,
      3366,
      1273,
      2079,
      3389,
      2078,
      831,
      1997,
      511,
      1463,
      1924,
      2071,
      967,
      1390,
      2839,
      170,
      648,
      350,
      3017,
      2813,
      1011,
      1138,
      3487,
      3342,
      3061,
      2638,
      616,
      2740,
      1565,
      3503,
      1975,
      1095,
      353,
      596,
      3074,
      138,
      500,
      582,
      3399,
      1210,
      710,
      1891,
      3409,
      1051,
      3046,
      67,
      2582,
      3192,
      2733,
      3415,
      160,
      1785,
      2782,
      1742,
      602,
      2423,
      1712,
      232,
      751,
      217,
      2376,
      315,
      2022,
      411,
      1688,
      530,
      3531,
      3283,
      312,
      556,
      2426,
      3568,
      1568,
      1888,
      2320,
      1075,
      1826,
      2356,
      2498,
      3158,
      2940,
      3124,
      2522,
      3396,
      1631,
      450,
      3347,
      1772,
      1852,
      2172,
      1427,
      3631,
      293,
      3648,
      3207,
      222,
      129,
      2611,
      81,
      1900,
      2134,
      131,
      1064,
      2566,
      50,
      739,
      2505,
      451,
      3477,
      1174,
      2295,
      2513,
      1838,
      177,
      2796,
      1345,
      1436,
      1253,
      1885,
      1814,
      1081,
      895,
      543,
      266,
      3352,
      3651,
      97,
      3337,
      1085,
      2140,
      2452,
      1793,
      328,
      3542,
      2749,
      2631,
      2878,
      2280,
      2646,
      1880,
      1552,
      2445,
      748,
      571,
      988,
      3436,
      2778,
      1082,
      914,
      1949,
      2221,
      2072,
      3228,
      1708,
      2053,
      2643,
      3143,
      1542,
      2893,
      3021,
      1479,
      1976,
      3211,
      1875,
      1252,
      2141,
      1357,
      3570,
      1206,
      2111,
      2484,
      2906,
      2264,
      2138,
      1821,
      2619,
      3518,
      148,
      1674,
      1464,
      2583,
      463,
      578,
      399,
      1520,
      3115,
      599,
      963,
      1169,
      2854,
      346,
      2895,
      691,
      510,
      3247,
      2052,
      3586,
      1158,
      2687,
      3440,
      3002,
      1424,
      665,
      506,
      1755,
      2030,
      10,
      1281,
      1539,
      2251,
      3266,
      1236,
      994,
      2675,
      2193,
      2067,
      927,
      56,
      449,
      1015,
      3464,
      2110,
      279,
      1911,
      3549,
      1887,
      128,
      2672,
      1904,
      2632,
      2500,
      498,
      1538,
      919,
      761,
      2328,
      3214,
      2999,
      661,
      2192,
      1943,
      1839,
      1308,
      990,
      1877,
      497,
      1580,
      2558,
      878,
      2051,
      811,
      89,
      3340,
      1024,
      445,
      2361,
      1765,
      2993,
      2708,
      119,
      725,
      2069,
      2645,
      2541,
      386,
      2680,
      390,
      1183,
      634,
      2018,
      3085,
      2174,
      310,
      1503,
      1926,
      3103,
      1142,
      2970,
      860,
      139,
      754,
      420,
      668,
      2727,
      2483,
      2953,
      916,
      723,
      2467,
      360,
      2284,
      3057,
      1695,
      1384,
      1733,
      1134,
      1429,
      391,
      366,
      407,
      1994,
      666,
      2170,
      3035,
      1841,
      2887,
      1752,
      1301,
      2470,
      3311,
      598,
      1810,
      2490,
      1559,
      3497,
      1896,
      3611,
      187,
      1668,
      1630,
      3081,
      2449,
      2533,
      791,
      2173,
      731,
      3190,
      1036,
      1116,
      3418,
      1016,
      2546,
      3374,
      3486,
      3338,
      3080,
      1954,
      1729,
      1317,
      964,
      3186,
      3114,
      676,
      932,
      452,
      3589,
      3590,
      933,
      913,
      2427,
      1702,
      124,
      3371,
      2397,
      1610,
      486,
      1486,
      168,
      6,
      1960,
      2842,
      1795,
      3268,
      969,
      2548,
      3346,
      574,
      3384,
      2718,
      884,
      707,
      3331,
      2468,
      1458,
      1694,
      1811,
      1244,
      2897,
      2098,
      2429,
      2104,
      2416,
      674,
      3193,
      372,
      2992,
      3380,
      3525,
      581,
      2706,
      2664,
      2475,
      1284,
      1527,
      849,
      3171,
      2433,
      2296,
      1533,
      3522,
      1964,
      1551,
      2818,
      1494,
      2593,
      3206,
      52,
      1992,
      3625,
      1497,
      1066,
      3550,
      2105,
      1517,
      784,
      1171,
      629,
      2175,
      3637,
      135,
      2108,
      733,
      2957,
      1335,
      2469,
      434,
      2555,
      3014,
      2245,
      208,
      908,
      1422,
      1769,
      35,
      3255,
      3135,
      1735,
      2021,
      568,
      1683,
      448,
      1020,
      1901,
      638,
      3075,
      2181,
      1012,
      2636,
      2833,
      555,
      1617,
      1633,
      2373,
      2028,
      1767,
      981,
      3559,
      2169,
      1444,
      1304,
      712,
      1366,
      308,
      473,
      1760,
      1637,
      3469,
      423,
      3184,
      1003,
      546,
      3343,
      1185,
      142,
      979,
      2319,
      2785,
      3301,
      1196,
      2106,
      2314,
      617,
      1951,
      2456,
      3596,
      2171,
      3519,
      1781,
      2910,
      896,
      2947,
      3545,
      503,
      303,
      3385,
      609,
      1001,
      3212,
      1605,
      1250,
      355,
      1627,
      3159,
      2642,
      2432,
      2503,
      1272,
      1388,
      1667,
      1662,
      1660,
      394,
      2852,
      3073,
      934,
      3223,
      941,
      193,
      801,
      1893,
      2031,
      3227,
      756,
      2305,
      493,
      2979,
      3597,
      2652,
      2793,
      3167,
      542,
      2843,
      3604,
      1108,
      1000,
      615,
      2526,
      1245,
      3164,
      1611,
      905,
      3196,
      3627,
      3276,
      1079,
      987,
      713,
      1816,
      649,
      2679,
      90,
      2634,
      2301,
      1197,
      2576,
      3656,
      1334,
      2015,
      1162,
      823,
      1283,
      1023,
      3290,
      3,
      1884,
      2914,
      1696,
      3521,
      475,
      1548,
      3358,
      1348,
      1349,
      1847,
      2492,
      178,
      2824,
      1908,
      2202,
      165,
      607,
      2716,
      2144,
      1966,
      162,
      724,
      1977,
      121,
      3616,
      2207,
      3197,
      1509,
      820,
      3562,
      1404,
      782,
      3236,
      2640,
      750,
      1007,
      3007,
      3359,
      774,
      642,
      2260,
      3178,
      3025,
      1995,
      432,
      182,
      1665,
      2597,
      3314,
      2764,
      2341,
      2508,
      2613,
      2027,
      1612,
      3515,
      3126,
      2366,
      563,
      3077,
      3336,
      3095,
      161,
      1070,
      2700,
      2877,
      904,
      2602,
      2855,
      2358,
      827,
      1154,
      1651,
      2787,
      652,
      3354,
      5,
      3588,
      280,
      3031,
      309,
      184,
      98,
      1389,
      66,
      669,
      3341,
      1843,
      431,
      968,
      854,
      2155,
      127,
      3661,
      2702,
      2883,
      1433,
      196,
      3610,
      3617,
      223,
      719,
      32,
      2918,
      3537,
      2542,
      2637,
      1255,
      3621,
      3474,
      195,
      1819,
      3658,
      715,
      352,
      2208,
      3364,
      2535,
      3516,
      2568,
      460,
      261,
      624,
      2712,
      76,
      3392,
      395,
      620,
      1929,
      1078,
      1871,
      2351,
      154,
      2188,
      224,
      2240,
      53,
      1898,
      551,
      164,
      600,
      3560,
      3479,
      1514,
      2644,
      1261,
      702,
      1586,
      976,
      2717,
      541,
      1126,
      1796,
      538,
      645,
      3398,
      3096,
      1088,
      2567,
      1944,
      3231,
      2161,
      2927,
      1681,
      2164,
      525,
      2874,
      2600,
      519,
      2923,
      2933,
      3585,
      1574,
      565,
      928,
      3033,
      3280,
      2504,
      330,
      764,
      2016,
      1536,
      2137,
      3235,
      1242,
      1774,
      443,
      1456,
      0,
      3284,
      27,
      1254,
      173,
      189,
      2681,
      3006,
      755,
      660,
      2232,
      3029,
      2653,
      2610,
      798,
      745,
      3564,
      3076,
      2460,
      2754,
      1815,
      263,
      2866,
      1136,
      2203,
      2936,
      1909,
      3566,
      2129,
      1205,
      2825,
      683,
      1223,
      2502,
      2479,
      1270,
      1419,
      1128,
      856,
      1998,
      2200,
      692,
      859,
      3640,
      1337,
      2179,
      470,
      2046,
      2315,
      888,
      826,
      663,
      1930,
      2154,
      235,
      601,
      2463,
      1972,
      2862,
      1480,
      2525,
      3353,
      3172,
      3163,
      3402,
      289,
      297,
      197,
      672,
      786,
      2311,
      1672,
      545,
      319,
      2365,
      892,
      1258,
      1367,
      2414,
      1692,
      1531,
      3293,
      86,
      2189,
      110,
      62,
      1237,
      3593,
      3173,
      1271,
      3367,
      1575,
      2466,
      3459,
      2688,
      2724,
      989,
      2984,
      51,
      2049,
      2149,
      1112,
      603,
      3615,
      577,
      1293,
      687,
      873,
      3302,
      1584,
      2649,
      1798,
      244,
      2795,
      1173,
      880,
      2579,
      2921,
      3614,
      1635,
      428,
      775,
      3299,
      579,
      951,
      2291,
      205,
      3325,
      3636,
      47,
      812,
      1761,
      1230,
      2701,
      630,
      1405,
      1529,
      340,
      1555,
      75,
      3130,
      2773,
      2312,
      783,
      158,
      759,
      2989,
      2831,
      300,
      664,
      1268,
      1241,
      1820,
      2019,
      709,
      101,
      1535,
      1782,
      1961,
      2757,
      2743,
      480,
      2006,
      939,
      2151,
      1985,
      1232,
      70,
      3530,
      153,
      1188,
      1467,
      116,
      2306,
      717,
      1720,
      1955,
      1724,
      3201,
      2891,
      554,
      42,
      1044,
      2723,
      2007,
      1351,
      145,
      2958,
      1508,
      3506,
      3523,
      2074,
      1789,
      339,
      2661,
      942,
      947,
      780,
      3269,
      1728,
      3356,
      997,
      3011,
      2569,
      1799,
      848,
      3161,
      45,
      1741,
      983,
      871,
      1684,
      1730,
      3412,
      1980,
      446,
      374,
      523,
      647,
      1410,
      2058,
      2538,
      482,
      2884,
      1008,
      370,
      1614,
      804,
      2422,
      1582,
      3285,
      1573,
      2036,
      1166,
      2000,
      789,
      2318,
      2812,
      2191,
      635,
      2086,
      1892,
      557,
      2775,
      814,
      1984,
      2728,
      69,
      1578,
      2601,
      985,
      2436,
      1428,
      3565,
      2750,
      1864,
      152,
      2720,
      3023,
      1751,
      1208,
      911,
      2561,
      749,
      3003,
      2622,
      3027,
      467,
      8,
      700,
      3438,
      1889,
      1396,
      1592,
      2915,
      3262,
      2309,
      2307,
      2061,
      455,
      621,
      2241,
      1180,
      1407,
      3180,
      1063,
      2696,
      1545,
      1408,
      1352,
      1956,
      3222,
      2705,
      465,
      2545,
      670,
      2099,
      560,
      3194,
      836,
      766,
      1493,
      234,
      960,
      3309,
      3502,
      1113,
      845,
      1569,
      2494,
      1526,
      3434,
      49,
      959,
      2665,
      1275,
      1047,
      3345,
      39,
      1855,
      726,
      93,
      1564,
      2821,
      1646,
      483,
      1307,
      447,
      995,
      1515,
      40,
      3622,
      2213,
      3062,
      3630,
      1567,
      2087,
      2234,
      2353,
      3427,
      2769,
      298,
      1477,
      1953,
      1147,
      2364,
      229,
      1787,
      1226,
      267,
      1083,
      202,
      1062,
      3485,
      2372,
      2658,
      1198,
      2618,
      3160,
      631,
      2217,
      1483,
      3508,
      3638,
      3489,
      2394,
      464,
      2902,
      637,
      1834,
      2654,
      3012,
      771,
      1193,
      1402,
      3226,
      3090,
      2725,
      1722,
      1521,
      2286,
      974,
      3333,
      1412,
      705,
      2838,
      611,
      2815,
      1004,
      3413,
      362,
      2130,
      2860,
      2836,
      550,
      2844,
      2662,
      1040,
      1031,
      156,
      166,
      3034,
      356,
      3304,
      2759,
      1969,
      973,
      2332,
      3277,
      2949,
      2186,
      922,
      292,
      1656,
      3411,
      2457,
      2003,
      1496,
      1830,
      1050,
      3125,
      46,
      2734,
      2135,
      1100,
      1461,
      948,
      2387,
      1322,
      1238,
      1251,
      2615,
      2954,
      1448,
      799,
      769,
      802,
      3623,
      910,
      1076,
      857,
      1639,
      1135,
      3443,
      2195,
      770,
      742,
      758,
      3015,
      421,
      1791,
      1282,
      61,
      1109,
      677,
      2577,
      1687,
      605,
      2402,
      2473,
      2157,
      2677,
      3040,
      108,
      2536,
      1285,
      3000,
      192,
      1170,
      3109,
      157,
      636,
      3580,
      1589,
      79,
      2822,
      655,
      1415,
      1084,
      805,
      1770,
      795,
      558,
      2962,
      1438,
      3428,
      540,
      3176,
      3295,
      1091,
      1139,
      3215,
      397,
      2808,
      2242,
      2412,
      1495,
      2231,
      1143,
      3365,
      3344,
      1519,
      2004,
      64,
      915,
      427,
      2158,
      2268,
      3482,
      3054,
      3424,
      361,
      1278,
      2334,
      1991,
      2438,
      2697,
      3414,
      776,
      243,
      3649,
      608,
      858,
      2711,
      1288,
      585,
      326,
      2400,
      416,
      2616,
      2103,
      1025,
      258,
      252,
      3561,
      1266,
      2753,
      2418,
      2867,
      3187,
      2841,
      654,
      1398,
      1434,
      1784,
      1471,
      1300,
      179,
      2994,
      1247,
      865,
      2745,
      2410,
      2073,
      2266,
      2592,
      1576,
      2488,
      413,
      54,
      3360,
      2710,
      1125,
      1776,
      965,
      3634,
      125,
      2444,
      38,
      1370,
      1222,
      3042,
      1912,
      3310,
      114,
      3116,
      515,
      237,
      288,
      77,
      2552,
      3420,
      1026,
      2362,
      1802,
      313,
      1783,
      409,
      2626,
      2424,
      2480,
      3264,
      708,
      2847,
      2691,
      3152,
      1121,
      2575,
      1762,
      2840,
      2920,
      3273,
      1452,
      2375,
      24,
      1325,
      241,
      1460,
      2347,
      174,
      1649,
      2763,
      744,
      1137,
      2983,
      3475,
      342,
      3369,
      1144,
      2032,
      1381,
      1030,
      337,
      3375,
      1719,
      3083,
      268,
      479,
      2485,
      488,
      3138,
      2451,
      262,
      2973,
      2683,
      2557,
      1211,
      1474,
      729,
      301,
      1400,
      3039,
      249,
      2279,
      1935,
      2948,
      1346,
      2659,
      3291,
      126,
      2589,
      971,
      3261,
      966,
      604,
      3388,
      1437,
      3513,
      586,
      2767,
      1988,
      2738,
      2453,
      379,
      3432,
      2647,
      1341,
      3254,
      3036,
      760,
      2969,
      721,
      84,
      155,
      3120,
      1967,
      3646,
      3655,
      44,
      516,
      1714,
      527,
      1914,
      797,
      3381,
      2313,
      2269,
      3647,
      2761,
      2858,
      1195,
      3514,
      2628,
      832,
      3049,
      1124,
      2909,
      2977,
      396,
      1265,
      3607,
      534,
      2336,
      230,
      3168,
      1163,
      1916,
      425,
      1089,
      365,
      2674,
      1502,
      2083,
      1705,
      2150,
      2853,
      1347,
      2521,
      3641,
      1032,
      68,
      531,
      3538,
      2323,
      2055,
      3303,
      2928,
      917,
      1858,
      2459,
      2379,
      3066,
      2359,
      1790,
      3330,
      3144,
      501,
      2066,
      762,
      1987,
      3584,
      1248,
      1590,
      2792,
      1873
    ],
    "val": [
      29,
      2355,
      2604,
      584,
      2811,
      1817,
      59,
      3101,
      829,
      2633,
      1973,
      1709,
      3423,
      1563,
      2267,
      3496,
      3058,
      3408,
      1744,
      2060,
      3458,
      1928,
      1451,
      219,
      3430,
      429,
      2001,
      2324,
      622,
      614,
      872,
      3013,
      457,
      3156,
      961,
      2982,
      1879,
      3654,
      3278,
      2212,
      1715,
      1277,
      3108,
      3511,
      1484,
      2625,
      1224,
      2224,
      1804,
      863,
      1360,
      1698,
      1606,
      3437,
      2461,
      316,
      3060,
      3181,
      3088,
      393,
      2943,
      3499,
      3451,
      2285,
      943,
      3376,
      2699,
      736,
      1597,
      1818,
      1476,
      588,
      1200,
      1498,
      3492,
      3306,
      613,
      3157,
      74,
      2530,
      305,
      893,
      2057,
      1487,
      367,
      957,
      646,
      389,
      2091,
      3552,
      2008,
      870,
      1595,
      1380,
      955,
      818,
      3395,
      321,
      3660,
      2124,
      1620,
      518,
      2797,
      3065,
      2388,
      1046,
      3097,
      2420,
      2228,
      3165,
      2391,
      2415,
      2911,
      1209,
      3308,
      3064,
      2995,
      1678,
      999,
      1309,
      2752,
      1099,
      2770,
      3237,
      1146,
      1993,
      1054,
      3417,
      678,
      3632,
      3128,
      2346,
      2042,
      345,
      364,
      1703,
      2924,
      3209,
      552,
      436,
      3063,
      1289,
      851,
      1848,
      3461,
      1235,
      3441,
      3328,
      2747,
      3005,
      1350,
      2329,
      3068,
      1106,
      233,
      1446,
      1104,
      3020,
      1699,
      2819,
      1056,
      3244,
      2216,
      1638,
      828,
      256,
      2262,
      1676,
      2515,
      1579,
      133,
      2116,
      2389,
      57,
      2678,
      1017,
      2206,
      1897,
      3391,
      2586,
      3463,
      817,
      1080,
      185,
      1225,
      533,
      2689,
      3045,
      1127,
      1215,
      2476,
      2238,
      2951,
      2771,
      91,
      2588,
      694,
      2335,
      2885,
      3321,
      94,
      466,
      2281,
      3553,
      2354,
      290,
      2363,
      1881,
      3252,
      728,
      3288,
      3281,
      1035,
      1553,
      2660,
      2371,
      1019,
      532,
      1558,
      659,
      743,
      962,
      706,
      875,
      400,
      1640,
      3026,
      3275,
      1941,
      2219,
      2802,
      496,
      3498,
      2894,
      1316,
      3105,
      2639,
      3581,
      245,
      1777,
      1090,
      2333,
      323,
      2350,
      1355,
      2316,
      561,
      85,
      509,
      1524,
      3373,
      567,
      492,
      2986,
      458,
      996,
      2385,
      3390,
      1013,
      2345,
      269,
      1152,
      1178,
      2344,
      3524,
      1543,
      1650,
      3462,
      2529,
      2317,
      2563,
      1181,
      1679,
      1851,
      1923,
      2651,
      1499,
      685,
      2845,
      842,
      781,
      1220,
      2609,
      1978,
      2298,
      1850,
      188,
      3546,
      2656,
      2985,
      271,
      2454,
      2967,
      2437,
      1663,
      1052,
      3001,
      2886,
      549,
      2516,
      1119,
      2093,
      2900,
      793,
      862,
      1506,
      1161,
      1634,
      3509,
      1546,
      1280,
      2922,
      277,
      1882,
      673,
      1305,
      1186,
      3512,
      2908,
      1920,
      2873,
      1029,
      1619,
      3121,
      180,
      931,
      536,
      2076,
      3257,
      2294,
      2584,
      1655,
      3318,
      1475,
      354,
      1439,
      906,
      2605,
      2009,
      2080,
      1919,
      1057,
      115,
      1591,
      2398,
      3355,
      1176,
      2023,
      970,
      1886,
      3491,
      9,
      2236,
      2553,
      2127,
      2277,
      1863,
      2671,
      2901,
      109,
      3455,
      201,
      2961,
      3335,
      1037,
      3351
    ],
    "test": [
      1505,
      476,
      2462,
      640,
      3263,
      2899,
      1512,
      2981,
      2059,
      2374,
      311,
      1890,
      12,
      2013,
      3169,
      1216,
      1690,
      1450,
      3578,
      282,
      55,
      2666,
      2669,
      1069,
      953,
      1922,
      78,
      459,
      384,
      1641,
      2077,
      1669,
      1043,
      3216,
      3140,
      1859,
      1936,
      2474,
      3483,
      1965,
      3446,
      3431,
      424,
      2085,
      2987,
      779,
      351,
      3271,
      1511,
      3055,
      2807,
      3316,
      1609,
      3199,
      2489,
      894,
      1731,
      1957,
      898,
      1872,
      1507,
      2524,
      3535,
      2667,
      3139,
      950,
      2406,
      830,
      2465,
      274,
      2225,
      1806,
      2403,
      3287,
      1837,
      1368,
      3312,
      3134,
      3112,
      1856,
      3224,
      1587,
      22,
      885,
      1907,
      2721,
      2938,
      2544,
      2034,
      3466,
      107,
      37,
      2014,
      722,
      299,
      228,
      1854,
      794,
      1441,
      30,
      1202,
      2401,
      377,
      2338,
      3258,
      1968,
      1399,
      1249,
      2904,
      718,
      1691,
      3383,
      2440,
      3481,
      2425,
      1895,
      320,
      1290,
      2393,
      573,
      2396,
      20,
      1383,
      2762,
      938,
      3500,
      2960,
      3324,
      333,
      259,
      1750,
      2879,
      1588,
      3182,
      336,
      874,
      3605,
      2196,
      1906,
      2871,
      2898,
      1375,
      186,
      2835,
      1192,
      272,
      1123,
      3603,
      2321,
      1883,
      2803,
      3397,
      575,
      757,
      273,
      1537,
      834,
      3107,
      3349,
      329,
      441,
      690,
      3154,
      1156,
      478,
      2881,
      1803,
      1628,
      526,
      194,
      1541,
      264,
      3447,
      3117,
      628,
      3576,
      2550,
      1607,
      1167,
      1846,
      587,
      2198,
      2607,
      2972,
      3195,
      1763,
      730,
      2864,
      822,
      3202,
      2832,
      2713,
      2543,
      1599,
      537,
      3465,
      2627,
      2381,
      521,
      2360,
      3569,
      1342,
      3488,
      2963,
      2143,
      2139,
      3239,
      1276,
      3292,
      2395,
      821,
      3123,
      1766,
      3362,
      1387,
      2926,
      214,
      1707,
      314,
      3579,
      1344,
      1374,
      1813,
      3379,
      695,
      368,
      2789,
      1212,
      3323,
      2946,
      3248,
      1462,
      2210,
      2357,
      1661,
      1522,
      1468,
      2411,
      2065,
      1653,
      2101,
      539,
      3009,
      159,
      741,
      732,
      1421,
      3332,
      1378,
      1600,
      344,
      2197,
      2562,
      2776,
      2404,
      1822,
      810,
      220,
      936,
      765,
      65,
      562,
      2247,
      1320,
      1214,
      3067,
      2919,
      2405,
      1466,
      3147,
      2587,
      3606,
      507,
      2249,
      3043,
      1319,
      2531,
      2145,
      653,
      469,
      60,
      2828,
      864,
      3141,
      341,
      2310,
      3098,
      980,
      1971,
      1775,
      3319,
      2668,
      3470,
      2889,
      763,
      1096,
      2594,
      2988,
      3188,
      408,
      1636,
      2694,
      572,
      2788,
      2657,
      524,
      247,
      1675,
      2823,
      3245,
      255,
      785,
      998,
      2810,
      231,
      334,
      3265,
      903,
      883,
      2088,
      3127,
      502,
      1201,
      2185,
      2905,
      2337,
      2487,
      3087,
      3137,
      2162,
      2253,
      3526,
      1648,
      2368,
      490,
      2331,
      378,
      1118,
      1642,
      3555,
      87,
      844,
      2041,
      2369,
      2271,
      866,
      1382,
      2084,
      48,
      1473,
      656,
      419,
      2010,
      2132,
      2510,
      302,
      3602,
      1287,
      2493,
      2630,
      1409,
      2571,
      2499,
      2732,
      181,
      14,
      3460,
      3618,
      2177,
      1094,
      2349,
      2786,
      3403,
      1845,
      1482,
      437,
      3594,
      2826,
      2682,
      972,
      1866,
      1131,
      3242,
      698,
      200,
      3286,
      952,
      1256,
      357,
      1489,
      1739,
      1068,
      632,
      286,
      3599,
      1393,
      1706,
      1365,
      816,
      2299,
      3279,
      1903,
      1950,
      1626,
      343,
      1243,
      2896,
      2121,
      2814,
      2856,
      484,
      1598,
      699,
      2380,
      335,
      1165,
      2254,
      566,
      929,
      2163,
      209,
      151,
      882,
      3534,
      1379,
      2122,
      2655,
      529,
      1849,
      2518,
      3653,
      3629,
      1338,
      1876,
      1425,
      3425,
      1371,
      2876,
      439,
      815,
      494,
      2325,
      1948,
      2131,
      553,
      2082,
      120,
      72,
      2107,
      2580,
      1184,
      2559,
      1758,
      651,
      250,
      548,
      3401,
      535,
      2431,
      2114,
      2875,
      3104,
      1697,
      3091,
      2204,
      1115,
      1492,
      1686,
      3620,
      1306,
      4,
      3573,
      2045,
      861,
      593,
      3153,
      3092,
      1768,
      2367,
      215,
      2486,
      1414,
      1532,
      2820,
      1726,
      1549,
      1295,
      671,
      2255,
      238,
      2342,
      1604,
      1801,
      1406,
      146,
      887,
      1175,
      3230,
      1002,
      2471,
      2257,
      1267,
      2126,
      2050,
      1022,
      430,
      1986,
      3426,
      1577,
      1061,
      1133,
      868,
      606,
      1440,
      2809,
      324,
      1693,
      2974,
      2501,
      2913,
      1172,
      3591,
      1853,
      2573,
      385,
      95,
      790,
      3030,
      1014,
      703,
      1704,
      2176,
      1481,
      877,
      2250,
      1418,
      1149,
      2975,
      1602,
      198,
      2340,
      633,
      1523,
      2570,
      2859,
      1315,
      2532,
      2205,
      1540,
      2882,
      3051,
      2596,
      2133,
      833,
      513,
      2925,
      1369,
      3639,
      444,
      3587,
      1557,
      1401,
      322,
      3241,
      3234,
      3219,
      3037,
      2276,
      1622,
      3260,
      3274,
      2011,
      2261,
      2044,
      3133,
      993,
      1213,
      41,
      1836,
      1470,
      2976,
      1654,
      3378,
      3416,
      1053,
      2209,
      1585,
      3659,
      213,
      2230,
      1940,
      140,
      2663,
      508,
      3238,
      2047,
      2612,
      3419,
      3019,
      1160,
      83,
      643,
      3099,
      317,
      3601,
      13,
      1006,
      2448,
      3370,
      1356,
      528,
      3155,
      3041,
      2817,
      3246,
      1354,
      1060,
      3259,
      2931,
      1544,
      3282,
      348,
      727,
      3313,
      3628,
      1942,
      3449,
      1685,
      3467,
      1217,
      807,
      1738,
      3056,
      2739,
      886,
      1263,
      2026,
      1946,
      2950,
      2729,
      3394,
      3547,
      1828,
      283,
      3174,
      2237,
      1831,
      3149,
      2742,
      1700,
      1734,
      682,
      1330,
      1504,
      1556,
      1562,
      2152,
      3557,
      806,
      2512,
      1098,
      3532,
      2478,
      43,
      1353,
      191,
      1048,
      71,
      2774,
      1958,
      852,
      1780,
      3118,
      2965,
      2102,
      879,
      3400,
      2223,
      2766,
      1394,
      2025,
      118,
      190,
      3480,
      36,
      1102,
      1645,
      926,
      853,
      2903,
      3657,
      2125,
      2608,
      2956,
      1759,
      2128,
      1021,
      2509,
      456,
      2092,
      21,
      403,
      2806,
      3567,
      3433,
      3609,
      3533,
      1045,
      3250,
      3476,
      1110,
      3406,
      1055,
      1962,
      2043,
      1596,
      1207,
      522,
      426,
      2147,
      2109,
      3575,
      1757,
      3386,
      406,
      3571,
      405,
      1743,
      3421,
      2378,
      402,
      1416,
      2117
    ]
  },
  "created_utc": "2025-12-21T08:13:37Z"
}